<?xml version="1.0" encoding="UTF-8" standalone="no"?>
<personas>
	<persona>
		<nombre>Nacho</nombre>
		<edad>20</edad>
		<ciudad>Madrid</ciudad>
		<salario>1500</salario>
	</persona>
	<persona>
		<nombre>Guillermo</nombre>
		<edad>50</edad>
		<ciudad>Segovia</ciudad>
		<salario>1600</salario>
	</persona>
	<persona>
		<nombre>Pedro</nombre>
		<edad>21</edad>
		<ciudad>Sevilla</ciudad>
		<salario>2000</salario>
	</persona>
	<persona>
		<nombre>Maria</nombre>
		<edad>25</edad>
		<ciudad>Malaga</ciudad>
		<salario>1200</salario>
	</persona>
	<persona>
		<nombre>Alejandro</nombre>
		<edad>18</edad>
		<ciudad>Toledo</ciudad>
		<salario>500</salario>
	</persona>
</personas>