[
	{
		"persona": {
			"ciudad": "Madrid",
			"salario": "1500",
			"nombre": "Nacho",
			"edad": "20"
		}
	},
	{
		"persona": {
			"ciudad": "Segovia",
			"salario": "1600",
			"nombre": "Guillermo",
			"edad": "50"
		}
	},
	{
		"persona": {
			"ciudad": "Sevilla",
			"salario": "1600",
			"nombre": "Pedro",
			"edad": "21"
		}
	},
	{
		"persona": {
			"ciudad": "Malaga",
			"salario": "1200",
			"nombre": "Maria",
			"edad": "25"
		}
	},
	{
		"persona": {
			"ciudad": "Toledo",
			"salario": "500",
			"nombre": "Alejandro",
			"edad": "18"
		}
	}
]